CannotChangePassword,CN,Country,countryCode,Description,Name,EmailAddress,EmployeeID,EmployeeNumber,Enabled,HomePhone,Initials,Manager,MobilePhone,Office,OfficePhone,Organization,PasswordNeverExpires,PostalCode,ProtectedFromAccidentalDeletion,SamAccountName,State,StreetAddress,Title,UserPrincipalName
TRUE,,UnitedKingdom,,,Hollis Gates,Hollis.Gates@a360labs.com,,,TRUE,212-222-3565,,Graham Noble,646-926-0909,UnitedKingdom,345-846-94633,Services,TRUE,62577876,TRUE,Hollis.Gates,New York,234 Random Steet,Analyst,Hollis.Gates@a360labs.com
TRUE,,UnitedStates,,,Shana Clark,Shana.Clark@a360labs.com,,,,515-234-7467,,Hollis Gates,646-926-0910,UnitedStates,345-846-94634,Services,TRUE,62577876,TRUE,Shana.Clark,New York,235 Random Steet,Analyst,Shana.Clark@a360labs.com
TRUE,,Hungary,,,Weston Avery,Weston.Avery@a360labs.com,,,,212-222-3566,,Hollis Gates,646-926-0911,Hungary,345-846-94635,Services,TRUE,62577876,TRUE,Weston.Avery,New York,236 Random Steet,Analyst,Weston.Avery@a360labs.com
TRUE,,Ireland,,,Eunice Harrison,Eunice.Harrison@a360labs.com,,,,515-234-7468,,Hollis Gates,646-926-0912,Ireland,345-846-94636,Services,TRUE,62577876,TRUE,Eunice.Harrison,New York,237 Random Steet,Analyst,Eunice.Harrison@a360labs.com
TRUE,,UnitedStates,,,Brigitte Hatfield,Brigitte.Hatfield@a360labs.com,,,,212-222-3567,,Hollis Gates,646-926-0913,UnitedStates,345-846-94637,Services,TRUE,62577876,TRUE,Brigitte.Hatfield,New York,238 Random Steet,Analyst,Brigitte.Hatfield@a360labs.com
TRUE,,India,,,Robert Nichols,Robert.Nichols@a360labs.com,,,,515-234-7469,,Hollis Gates,646-926-0914,India,345-846-94638,Services,TRUE,62577876,TRUE,Robert.Nichols,New York,239 Random Steet,Analyst,Robert.Nichols@a360labs.com
TRUE,,CzechRepublic,,,Travis Chapman,Travis.Chapman@a360labs.com,,,,212-222-3568,,Hollis Gates,646-926-0915,CzechRepublic,345-846-94639,Services,TRUE,62577876,TRUE,Travis.Chapman,New York,240 Random Steet,Analyst,Travis.Chapman@a360labs.com
TRUE,,Guam,,,Randell Hunt,Randell.Hunt@a360labs.com,,,,515-234-7470,,Hollis Gates,646-926-0916,Guam,345-846-94640,Services,TRUE,62577876,TRUE,Randell.Hunt,New York,241 Random Steet,Analyst,Randell.Hunt@a360labs.com
TRUE,,Singapore,,,Neville Klein,Neville.Klein@a360labs.com,,,,212-222-3569,,Hollis Gates,646-926-0917,Singapore,345-846-94641,Services,TRUE,62577876,TRUE,Neville.Klein,New York,242 Random Steet,Analyst,Neville.Klein@a360labs.com
TRUE,,UnitedKingdom,,,Nannie Pineda,Nannie.Pineda@a360labs.com,,,,515-234-7471,,Hollis Gates,646-926-0918,UnitedKingdom,345-846-94642,Services,TRUE,62577876,TRUE,Nannie.Pineda,New York,243 Random Steet,Analyst,Nannie.Pineda@a360labs.com
TRUE,,UnitedStates,,,Erik Vance,Erik.Vance@a360labs.com,,,,212-222-3570,,Hollis Gates,646-926-0919,UnitedStates,345-846-94643,Services,TRUE,62577876,TRUE,Erik.Vance,New York,244 Random Steet,Analyst,Erik.Vance@a360labs.com
TRUE,,Hungary,,,Addie Zamora,Addie.Zamora@a360labs.com,,,,515-234-7472,,Hollis Gates,646-926-0920,Hungary,345-846-94644,Services,TRUE,62577876,TRUE,Addie.Zamora,New York,245 Random Steet,Analyst,Addie.Zamora@a360labs.com
TRUE,,Ireland,,,Claudette Walker,Claudette.Walker@a360labs.com,,,,212-222-3571,,Hollis Gates,646-926-0921,Ireland,345-846-94645,Services,TRUE,62577876,TRUE,Claudette.Walker,New York,246 Random Steet,Analyst,Claudette.Walker@a360labs.com
TRUE,,UnitedStates,,,Salvador Gardner,Salvador.Gardner@a360labs.com,,,,515-234-7473,,Hollis Gates,646-926-0922,UnitedStates,345-846-94646,Services,TRUE,62577876,TRUE,Salvador.Gardner,New York,247 Random Steet,Analyst,Salvador.Gardner@a360labs.com
TRUE,,India,,,Carol Franklin,Carol.Franklin@a360labs.com,,,,212-222-3572,,Hollis Gates,646-926-0923,India,345-846-94647,Services,TRUE,62577876,TRUE,Carol.Franklin,New York,248 Random Steet,Analyst,Carol.Franklin@a360labs.com
TRUE,,CzechRepublic,,,Elma Olsen,Elma.Olsen@a360labs.com,,,,515-234-7474,,Hollis Gates,646-926-0924,CzechRepublic,345-846-94648,Services,TRUE,62577876,TRUE,Elma.Olsen,New York,249 Random Steet,Analyst,Elma.Olsen@a360labs.com
TRUE,,Guam,,,Keenan Riley,Keenan.Riley@a360labs.com,,,,212-222-3573,,Hollis Gates,646-926-0925,Guam,345-846-94649,Services,TRUE,62577876,TRUE,Keenan.Riley,New York,250 Random Steet,Analyst,Keenan.Riley@a360labs.com
TRUE,,Singapore,,,Devin Underwood,Devin.Underwood@a360labs.com,,,,515-234-7475,,Hollis Gates,646-926-0926,Singapore,345-846-94650,Services,TRUE,62577876,TRUE,Devin.Underwood,New York,251 Random Steet,Analyst,Devin.Underwood@a360labs.com
TRUE,,UnitedKingdom,,,Maximo Hendrix,Maximo.Hendrix@a360labs.com,,,,212-222-3574,,Hollis Gates,646-926-0927,UnitedKingdom,345-846-94651,Services,TRUE,62577876,TRUE,Maximo.Hendrix,New York,252 Random Steet,Analyst,Maximo.Hendrix@a360labs.com
TRUE,,UnitedStates,,,Ali Valenzuela,Ali.Valenzuela@a360labs.com,,,,515-234-7476,,Hollis Gates,646-926-0928,UnitedStates,345-846-94652,Services,TRUE,62577876,TRUE,Ali.Valenzuela,New York,253 Random Steet,Analyst,Ali.Valenzuela@a360labs.com
TRUE,,Hungary,,,Rodney Lang,Rodney.Lang@a360labs.com,,,,212-222-3575,,Hollis Gates,646-926-0929,Hungary,345-846-94653,Services,TRUE,62577876,TRUE,Rodney.Lang,New York,254 Random Steet,Analyst,Rodney.Lang@a360labs.com
TRUE,,Ireland,,,Katie Sullivan,Katie.Sullivan@a360labs.com,,,,515-234-7477,,Hollis Gates,646-926-0930,Ireland,345-846-94654,Services,TRUE,62577876,TRUE,Katie.Sullivan,New York,255 Random Steet,Analyst,Katie.Sullivan@a360labs.com
TRUE,,UnitedStates,,,Sid Mccoy,Sid.Mccoy@a360labs.com,,,,212-222-3576,,Hollis Gates,646-926-0931,UnitedStates,345-846-94655,Services,TRUE,62577876,TRUE,Sid.Mccoy,New York,256 Random Steet,Analyst,Sid.Mccoy@a360labs.com
TRUE,,India,,,Santiago Armstrong,Santiago.Armstrong@a360labs.com,,,,515-234-7478,,Hollis Gates,646-926-0932,India,345-846-94656,Services,TRUE,62577876,TRUE,Santiago.Armstrong,New York,257 Random Steet,Analyst,Santiago.Armstrong@a360labs.com
TRUE,,CzechRepublic,,,Roderick Morton,Roderick.Morton@a360labs.com,,,,212-222-3577,,Pierre Rocha,646-926-0933,CzechRepublic,345-846-94657,Services,TRUE,62577876,TRUE,Roderick.Morton,New York,258 Random Steet,Analyst,Roderick.Morton@a360labs.com
TRUE,,Guam,,,Gregg Grant,Gregg.Grant@a360labs.com,,,,515-234-7479,,Pierre Rocha,646-926-0934,Guam,345-846-94658,Services,TRUE,62577876,TRUE,Gregg.Grant,New York,259 Random Steet,Analyst,Gregg.Grant@a360labs.com
TRUE,,Singapore,,,Kim Ayala,Kim.Ayala@a360labs.com,,,,212-222-3578,,Pierre Rocha,646-926-0935,Singapore,345-846-94659,Delivery,TRUE,62577876,TRUE,Kim.Ayala,New York,260 Random Steet,Analyst,Kim.Ayala@a360labs.com
TRUE,,UnitedKingdom,,,Graham Noble,Graham.Noble@a360labs.com,,,,515-234-7480,,Pierre Rocha,646-926-0936,UnitedKingdom,345-846-94660,Delivery,TRUE,62577876,TRUE,Graham.Noble,New York,261 Random Steet,Analyst,Graham.Noble@a360labs.com
TRUE,,UnitedStates,,,Verna Moses,Verna.Moses@a360labs.com,,,,212-222-3579,,Graham Noble,646-926-0937,UnitedStates,345-846-94661,Delivery,TRUE,62577876,TRUE,Verna.Moses,New York,262 Random Steet,Vice President,Verna.Moses@a360labs.com
TRUE,,Hungary,,,Nancy Tyler,Nancy.Tyler@a360labs.com,,,,515-234-7481,,Graham Noble,646-926-0938,Hungary,345-846-94662,Delivery,TRUE,62577876,TRUE,Nancy.Tyler,New York,263 Random Steet,Vice President,Nancy.Tyler@a360labs.com
TRUE,,Ireland,,,Dirk Norris,Dirk.Norris@a360labs.com,,,,212-222-3580,,Graham Noble,646-926-0939,Ireland,345-846-94663,Delivery,TRUE,62577876,TRUE,Dirk.Norris,New York,264 Random Steet,Vice President,Dirk.Norris@a360labs.com
TRUE,,UnitedStates,,,Gilberto Keller,Gilberto.Keller@a360labs.com,,,,515-234-7482,,Graham Noble,646-926-0940,UnitedStates,345-846-94664,Delivery,TRUE,62577876,TRUE,Gilberto.Keller,New York,265 Random Steet,Vice President,Gilberto.Keller@a360labs.com
TRUE,,India,,,Ingrid Bridges,Ingrid.Bridges@a360labs.com,,,,212-222-3581,,Graham Noble,646-926-0941,India,345-846-94665,Delivery,TRUE,62577876,TRUE,Ingrid.Bridges,New York,266 Random Steet,Vice President,Ingrid.Bridges@a360labs.com
TRUE,,CzechRepublic,,,Garry Santana,Garry.Santana@a360labs.com,,,,515-234-7483,,Graham Noble,646-926-0942,CzechRepublic,345-846-94666,Delivery,TRUE,62577876,TRUE,Garry.Santana,New York,267 Random Steet,Vice President,Garry.Santana@a360labs.com
TRUE,,Guam,,,Jewel Donaldson,Jewel.Donaldson@a360labs.com,,,,212-222-3582,,Graham Noble,646-926-0943,Guam,345-846-94667,Delivery,TRUE,62577876,TRUE,Jewel.Donaldson,New York,268 Random Steet,Vice President,Jewel.Donaldson@a360labs.com
TRUE,,Singapore,,,Lazaro Brandt,Lazaro.Brandt@a360labs.com,,,,515-234-7484,,Graham Noble,646-926-0944,Singapore,345-846-94668,Delivery,TRUE,62577876,TRUE,Lazaro.Brandt,New York,269 Random Steet,Vice President,Lazaro.Brandt@a360labs.com
TRUE,,UnitedKingdom,,,Esperanza Dodson,Esperanza.Dodson@a360labs.com,,,,212-222-3583,,Graham Noble,646-926-0945,UnitedKingdom,345-846-94669,Delivery,TRUE,62577876,TRUE,Esperanza.Dodson,New York,270 Random Steet,Vice President,Esperanza.Dodson@a360labs.com
TRUE,,UnitedStates,,,Lou Haynes,Lou.Haynes@a360labs.com,,,,515-234-7485,,Graham Noble,646-926-0946,UnitedStates,345-846-94670,Delivery,TRUE,62577876,TRUE,Lou.Haynes,New York,271 Random Steet,Vice President,Lou.Haynes@a360labs.com
TRUE,,Hungary,,,Guadalupe Atkinson,Guadalupe.Atkinson@a360labs.com,,,,212-222-3584,,Graham Noble,646-926-0947,Hungary,345-846-94671,Delivery,TRUE,62577876,TRUE,Guadalupe.Atkinson,New York,272 Random Steet,Vice President,Guadalupe.Atkinson@a360labs.com
TRUE,,Ireland,,,Young Griffith,Young.Griffith@a360labs.com,,,,515-234-7486,,Graham Noble,646-926-0948,Ireland,345-846-94672,Delivery,TRUE,62577876,TRUE,Young.Griffith,New York,273 Random Steet,Vice President,Young.Griffith@a360labs.com
TRUE,,UnitedStates,,,Grady Fuller,Grady.Fuller@a360labs.com,,,,212-222-3585,,Graham Noble,646-926-0949,UnitedStates,345-846-94673,Delivery,TRUE,62577876,TRUE,Grady.Fuller,New York,274 Random Steet,Vice President,Grady.Fuller@a360labs.com
TRUE,,India,,,Rene Hahn,Rene.Hahn@a360labs.com,,,,515-234-7487,,Graham Noble,646-926-0950,India,345-846-94674,Delivery,TRUE,62577876,TRUE,Rene.Hahn,New York,275 Random Steet,Vice President,Rene.Hahn@a360labs.com
TRUE,,CzechRepublic,,,Fermin Holder,Fermin.Holder@a360labs.com,,,,212-222-3586,,Graham Noble,646-926-0951,CzechRepublic,345-846-94675,Delivery,TRUE,62577876,TRUE,Fermin.Holder,New York,276 Random Steet,Vice President,Fermin.Holder@a360labs.com
TRUE,,Guam,,,Elizabeth Huff,Elizabeth.Huff@a360labs.com,,,,515-234-7488,,Graham Noble,646-926-0952,Guam,345-846-94676,HR,TRUE,62577876,TRUE,Elizabeth.Huff,New York,277 Random Steet,Vice President,Elizabeth.Huff@a360labs.com
TRUE,,Singapore,,,Floyd Mccullough,Floyd.Mccullough@a360labs.com,,,,212-222-3587,,Graham Noble,646-926-0953,Singapore,345-846-94677,HR,TRUE,62577876,TRUE,Floyd.Mccullough,New York,278 Random Steet,Vice President,Floyd.Mccullough@a360labs.com
TRUE,,UnitedKingdom,,,Willian English,Willian.English@a360labs.com,,,,515-234-7489,,Graham Noble,646-926-0954,UnitedKingdom,345-846-94678,HR,TRUE,62577876,TRUE,Willian.English,New York,279 Random Steet,Vice President,Willian.English@a360labs.com
TRUE,,UnitedStates,,,Reed Skinner,Reed.Skinner@a360labs.com,,,,212-222-3588,,Graham Noble,646-926-0955,UnitedStates,345-846-94679,HR,TRUE,62577876,TRUE,Reed.Skinner,New York,280 Random Steet,Vice President,Reed.Skinner@a360labs.com
TRUE,,Hungary,,,Cindy Johnston,Cindy.Johnston@a360labs.com,,,,515-234-7490,,Graham Noble,646-926-0956,Hungary,345-846-94680,HR,TRUE,62577876,TRUE,Cindy.Johnston,New York,281 Random Steet,Vice President,Cindy.Johnston@a360labs.com
TRUE,,Ireland,,,Pierre Rocha,Pierre.Rocha@a360labs.com,,,,212-222-3589,,Graham Noble,646-926-0957,Ireland,345-846-94681,HR,TRUE,62577876,TRUE,Pierre.Rocha,New York,282 Random Steet,Vice President,Pierre.Rocha@a360labs.com
TRUE,,UnitedStates,,,Estelle George,Estelle.George@a360labs.com,,,,515-234-7491,,Graham Noble,646-926-0958,UnitedStates,345-846-94682,HR,TRUE,62577876,TRUE,Estelle.George,New York,283 Random Steet,Vice President,Estelle.George@a360labs.com
TRUE,,India,,,Celeste Mendez,Celeste.Mendez@a360labs.com,,,,212-222-3590,,Graham Noble,646-926-0959,India,345-846-94683,HR,TRUE,62577876,TRUE,Celeste.Mendez,New York,284 Random Steet,Vice President,Celeste.Mendez@a360labs.com
TRUE,,CzechRepublic,,,Benito Rhodes,Benito.Rhodes@a360labs.com,,,,515-234-7492,,Graham Noble,646-926-0960,CzechRepublic,345-846-94684,HR,TRUE,62577876,TRUE,Benito.Rhodes,New York,285 Random Steet,Vice President,Benito.Rhodes@a360labs.com
TRUE,,Guam,,,Curt Lang,Curt.Lang@a360labs.com,,,,212-222-3591,,Graham Noble,646-926-0961,Guam,345-846-94685,HR,TRUE,62577876,TRUE,Curt.Lang,New York,286 Random Steet,Vice President,Curt.Lang@a360labs.com
TRUE,,Singapore,,,Royal Robertson,Royal.Robertson@a360labs.com,,,,515-234-7493,,Graham Noble,646-926-0962,Singapore,345-846-94686,HR,TRUE,62577876,TRUE,Royal.Robertson,New York,287 Random Steet,Vice President,Royal.Robertson@a360labs.com
TRUE,,UnitedKingdom,,,Ashley English,Ashley.English@a360labs.com,,,,212-222-3592,,Graham Noble,646-926-0963,UnitedKingdom,345-846-94687,HR,TRUE,62577876,TRUE,Ashley.English,New York,288 Random Steet,Vice President,Ashley.English@a360labs.com
TRUE,,UnitedStates,,,Rigoberto Mccormick,Rigoberto.Mccormick@a360labs.com,,,,515-234-7494,,Graham Noble,646-926-0964,UnitedStates,345-846-94688,HR,TRUE,62577876,TRUE,Rigoberto.Mccormick,New York,289 Random Steet,Vice President,Rigoberto.Mccormick@a360labs.com
TRUE,,Hungary,,,Krystal Summers,Krystal.Summers@a360labs.com,,,,212-222-3593,,Earle Rosales,646-926-0965,Hungary,345-846-94689,Development,TRUE,62577876,TRUE,Krystal.Summers,New York,290 Random Steet,Vice President,Krystal.Summers@a360labs.com
TRUE,,Ireland,,,Melba Gilmore,Melba.Gilmore@a360labs.com,,,,515-234-7495,,Earle Rosales,646-926-0966,Ireland,345-846-94690,Development,TRUE,62577876,TRUE,Melba.Gilmore,New York,291 Random Steet,Vice President,Melba.Gilmore@a360labs.com
TRUE,,UnitedStates,,,Susanne Vazquez,Susanne.Vazquez@a360labs.com,,,,212-222-3594,,Earle Rosales,646-926-0967,UnitedStates,345-846-94691,Development,TRUE,62577876,TRUE,Susanne.Vazquez,New York,292 Random Steet,Vice President,Susanne.Vazquez@a360labs.com
TRUE,,India,,,Mathew Mathews,Mathew.Mathews@a360labs.com,,,,515-234-7496,,Earle Rosales,646-926-0968,India,345-846-94692,Development,TRUE,62577876,TRUE,Mathew.Mathews,New York,293 Random Steet,Vice President,Mathew.Mathews@a360labs.com
TRUE,,CzechRepublic,,,Catalina Arroyo,Catalina.Arroyo@a360labs.com,,,,212-222-3595,,Earle Rosales,646-926-0969,CzechRepublic,345-846-94693,Development,TRUE,62577876,TRUE,Catalina.Arroyo,New York,294 Random Steet,Vice President,Catalina.Arroyo@a360labs.com
TRUE,,Guam,,,Irvin Hernandez,Irvin.Hernandez@a360labs.com,,,,515-234-7497,,Earle Rosales,646-926-0970,Guam,345-846-94694,Development,TRUE,62577876,TRUE,Irvin.Hernandez,New York,295 Random Steet,Vice President,Irvin.Hernandez@a360labs.com
TRUE,,Singapore,,,Arlie Pennington,Arlie.Pennington@a360labs.com,,,,212-222-3596,,Earle Rosales,646-926-0971,Singapore,345-846-94695,Development,TRUE,62577876,TRUE,Arlie.Pennington,New York,296 Random Steet,Director,Arlie.Pennington@a360labs.com
TRUE,,UnitedKingdom,,,Dana Hubbard,Dana.Hubbard@a360labs.com,,,,515-234-7498,,Earle Rosales,646-926-0972,UnitedKingdom,345-846-94696,Development,TRUE,62577876,TRUE,Dana.Hubbard,New York,297 Random Steet,Director,Dana.Hubbard@a360labs.com
TRUE,,UnitedStates,,,Gino Giles,Gino.Giles@a360labs.com,,,,212-222-3597,,Earle Rosales,646-926-0973,UnitedStates,345-846-94697,Development,TRUE,62577876,TRUE,Gino.Giles,New York,298 Random Steet,Director,Gino.Giles@a360labs.com
TRUE,,Hungary,,,Bianca Munoz,Bianca.Munoz@a360labs.com,,,,515-234-7499,,Earle Rosales,646-926-0974,Hungary,345-846-94698,Development,TRUE,62577876,TRUE,Bianca.Munoz,New York,299 Random Steet,Director,Bianca.Munoz@a360labs.com
TRUE,,Ireland,,,Katie Berger,Katie.Berger@a360labs.com,,,,212-222-3598,,Prince Bridges,646-926-0975,Ireland,345-846-94699,Development,TRUE,62577876,TRUE,Katie.Berger,New York,300 Random Steet,Director,Katie.Berger@a360labs.com
TRUE,,UnitedStates,,,Prince Bridges,Prince.Bridges@a360labs.com,,,,515-234-7500,,Estelle George,646-926-0976,UnitedStates,345-846-94700,Development,TRUE,62577876,TRUE,Prince.Bridges,New York,301 Random Steet,Director,Prince.Bridges@a360labs.com
TRUE,,India,,,Earle Rosales,Earle.Rosales@a360labs.com,,,,212-222-3599,,Estelle George,646-926-0977,India,345-846-94701,Development,TRUE,62577876,TRUE,Earle.Rosales,New York,302 Random Steet,Director,Earle.Rosales@a360labs.com
TRUE,,CzechRepublic,,,Danilo Peters,Danilo.Peters@a360labs.com,,,,515-234-7501,,Estelle George,646-926-0978,CzechRepublic,345-846-94702,Development,TRUE,62577876,TRUE,Danilo.Peters,New York,303 Random Steet,Director,Danilo.Peters@a360labs.com
TRUE,,Guam,,,Karla Ferrell,Karla.Ferrell@a360labs.com,,,,212-222-3600,,Prince Bridges,646-926-0979,Guam,345-846-94703,Development,TRUE,62577876,TRUE,Karla.Ferrell,New York,304 Random Steet,Director,Karla.Ferrell@a360labs.com
TRUE,,Singapore,,,Gladys Aguirre,Gladys.Aguirre@a360labs.com,,,,515-234-7502,,Katie Berger,646-926-0980,Singapore,345-846-94704,Development,TRUE,62577876,TRUE,Gladys.Aguirre,New York,305 Random Steet,Director,Gladys.Aguirre@a360labs.com
TRUE,,UnitedKingdom,,,Lidia Dillon,Lidia.Dillon@a360labs.com,,,,212-222-3601,,Katie Berger,646-926-0981,UnitedKingdom,345-846-94705,Development,TRUE,62577876,TRUE,Lidia.Dillon,New York,306 Random Steet,Director,Lidia.Dillon@a360labs.com
TRUE,,UnitedStates,,,Leann Hill,Leann.Hill@a360labs.com,,,,515-234-7503,,Katie Berger,646-926-0982,UnitedStates,345-846-94706,Development,TRUE,62577876,TRUE,Leann.Hill,New York,307 Random Steet,Director,Leann.Hill@a360labs.com
TRUE,,Hungary,,,Roslyn Watson,Roslyn.Watson@a360labs.com,,,,212-222-3602,,Katie Berger,646-926-0983,Hungary,345-846-94707,Development,TRUE,62577876,TRUE,Roslyn.Watson,New York,308 Random Steet,Director,Roslyn.Watson@a360labs.com
TRUE,,Ireland,,,Keven Morris,Keven.Morris@a360labs.com,,,,515-234-7504,,Katie Berger,646-926-0984,Ireland,345-846-94708,Development,TRUE,62577876,TRUE,Keven.Morris,New York,309 Random Steet,Director,Keven.Morris@a360labs.com
TRUE,,UnitedStates,,,Arnoldo Logan,Arnoldo.Logan@a360labs.com,,,,212-222-3603,,Katie Berger,646-926-0985,UnitedStates,345-846-94709,Development,TRUE,62577876,TRUE,Arnoldo.Logan,New York,310 Random Steet,Director,Arnoldo.Logan@a360labs.com
TRUE,,India,,,Russell Robles,Russell.Robles@a360labs.com,,,,515-234-7505,,Katie Berger,646-926-0986,India,345-846-94710,Development,TRUE,62577876,TRUE,Russell.Robles,New York,311 Random Steet,Director,Russell.Robles@a360labs.com
TRUE,,CzechRepublic,,,Kurt Serrano,Kurt.Serrano@a360labs.com,,,,212-222-3604,,Katie Berger,646-926-0987,CzechRepublic,345-846-94711,Development,TRUE,62577876,TRUE,Kurt.Serrano,New York,312 Random Steet,Director,Kurt.Serrano@a360labs.com
TRUE,,Guam,,,Kieth Dudley,Kieth.Dudley@a360labs.com,,,,515-234-7506,,Katie Berger,646-926-0988,Guam,345-846-94712,Sales Agent,TRUE,62577876,TRUE,Kieth.Dudley,New York,313 Random Steet,Director,Kieth.Dudley@a360labs.com
TRUE,,Singapore,,,Erma Roberts,Erma.Roberts@a360labs.com,,,,212-222-3605,,Katie Berger,646-926-0989,Singapore,345-846-94713,Sales Agent,TRUE,62577876,TRUE,Erma.Roberts,New York,314 Random Steet,Director,Erma.Roberts@a360labs.com
TRUE,,UnitedKingdom,,,Will Combs,Will.Combs@a360labs.com,,,,515-234-7507,,Katie Berger,646-926-0990,UnitedKingdom,345-846-94714,Sales Agent,TRUE,62577876,TRUE,Will.Combs,New York,315 Random Steet,Director,Will.Combs@a360labs.com
TRUE,,UnitedStates,,,Weldon Mata,Weldon.Mata@a360labs.com,,,,212-222-3606,,Katie Berger,646-926-0991,UnitedStates,345-846-94715,Sales Agent,TRUE,62577876,TRUE,Weldon.Mata,New York,316 Random Steet,Director,Weldon.Mata@a360labs.com
TRUE,,Hungary,,,Rosanna Kelly,Rosanna.Kelly@a360labs.com,,,,515-234-7508,,Young Griffith,646-926-0992,Hungary,345-846-94716,Sales Agent,TRUE,62577876,TRUE,Rosanna.Kelly,New York,317 Random Steet,Director,Rosanna.Kelly@a360labs.com
TRUE,,Ireland,,,Mitchel Rocha,Mitchel.Rocha@a360labs.com,,,,212-222-3607,,Young Griffith,646-926-0993,Ireland,345-846-94717,Sales Agent,TRUE,62577876,TRUE,Mitchel.Rocha,New York,318 Random Steet,Director,Mitchel.Rocha@a360labs.com
TRUE,,UnitedStates,,,Lourdes Dougherty,Lourdes.Dougherty@a360labs.com,,,,515-234-7509,,Young Griffith,646-926-0994,UnitedStates,345-846-94718,Sales Agent,TRUE,62577876,TRUE,Lourdes.Dougherty,New York,319 Random Steet,Director,Lourdes.Dougherty@a360labs.com
TRUE,,India,,,Mallory Madden,Mallory.Madden@a360labs.com,,,,212-222-3608,,Young Griffith,646-926-0995,India,345-846-94719,Sales Agent,TRUE,62577876,TRUE,Mallory.Madden,New York,320 Random Steet,Director,Mallory.Madden@a360labs.com
TRUE,,CzechRepublic,,,Columbus Osborne,Columbus.Osborne@a360labs.com,,,,515-234-7510,,Young Griffith,646-926-0996,CzechRepublic,345-846-94720,Sales Agent,TRUE,62577876,TRUE,Columbus.Osborne,New York,321 Random Steet,Director,Columbus.Osborne@a360labs.com
TRUE,,Guam,,,Antonia Campos,Antonia.Campos@a360labs.com,,,,212-222-3609,,Young Griffith,646-926-0997,Guam,345-846-94721,Sales Agent,TRUE,62577876,TRUE,Antonia.Campos,New York,322 Random Steet,Director,Antonia.Campos@a360labs.com
TRUE,,Singapore,,,Hector Acosta,Hector.Acosta@a360labs.com,,,,515-234-7511,,Young Griffith,646-926-0998,Singapore,345-846-94722,Sales Agent,TRUE,62577876,TRUE,Hector.Acosta,New York,323 Random Steet,Director,Hector.Acosta@a360labs.com
TRUE,,UnitedKingdom,,,Bernadine Ortiz,Bernadine.Ortiz@a360labs.com,,,,212-222-3610,,Young Griffith,646-926-0999,UnitedKingdom,345-846-94723,Sales Agent,TRUE,62577876,TRUE,Bernadine.Ortiz,New York,324 Random Steet,Director,Bernadine.Ortiz@a360labs.com
TRUE,,UnitedStates,,,Sabrina Ortega,Sabrina.Ortega@a360labs.com,,,,515-234-7512,,Young Griffith,646-926-1000,UnitedStates,345-846-94724,Sales Agent,TRUE,62577876,TRUE,Sabrina.Ortega,New York,325 Random Steet,Director,Sabrina.Ortega@a360labs.com
TRUE,,Hungary,,,Neville Rowland,Neville.Rowland@a360labs.com,,,,212-222-3611,,Young Griffith,646-926-1001,Hungary,345-846-94725,Sales Agent,TRUE,62577876,TRUE,Neville.Rowland,New York,326 Random Steet,Director,Neville.Rowland@a360labs.com
TRUE,,Ireland,,,Richie Case,Richie.Case@a360labs.com,,,,515-234-7513,,Young Griffith,646-926-1002,Ireland,345-846-94726,Sales Agent,TRUE,62577876,TRUE,Richie.Case,New York,327 Random Steet,Director,Richie.Case@a360labs.com
TRUE,,UnitedStates,,,Rodney Atkins,Rodney.Atkins@a360labs.com,,,,212-222-3612,,Young Griffith,646-926-1003,UnitedStates,345-846-94727,Sales Agent,TRUE,62577876,TRUE,Rodney.Atkins,New York,328 Random Steet,Director,Rodney.Atkins@a360labs.com
TRUE,,India,,,Cory Garrett,Cory.Garrett@a360labs.com,,,,515-234-7514,,Young Griffith,646-926-1004,India,345-846-94728,Sales Agent,TRUE,62577876,TRUE,Cory.Garrett,New York,329 Random Steet,Director,Cory.Garrett@a360labs.com
TRUE,,CzechRepublic,,,Wm Park,Wm.Park@a360labs.com,,,,212-222-3613,,Young Griffith,646-926-1005,CzechRepublic,345-846-94729,Sales Agent,TRUE,62577876,TRUE,Wm.Park,New York,330 Random Steet,Director,Wm.Park@a360labs.com
TRUE,,Guam,,,Dorthy Drake,Dorthy.Drake@a360labs.com,,,,515-234-7515,,Young Griffith,646-926-1006,Guam,345-846-94730,Sales Agent,TRUE,62577876,TRUE,Dorthy.Drake,New York,331 Random Steet,Director,Dorthy.Drake@a360labs.com
TRUE,,Singapore,,,Lynda Zimmerman,Lynda.Zimmerman@a360labs.com,,,,212-222-3614,,Young Griffith,646-926-1007,Singapore,345-846-94731,Repo Agent,TRUE,62577876,TRUE,Lynda.Zimmerman,New York,332 Random Steet,Director,Lynda.Zimmerman@a360labs.com
TRUE,,UnitedKingdom,,,Ashlee Frey,Ashlee.Frey@a360labs.com,,,,515-234-7516,,Young Griffith,646-926-1008,UnitedKingdom,345-846-94732,Repo Agent,TRUE,62577876,TRUE,Ashlee.Frey,New York,333 Random Steet,Executive,Ashlee.Frey@a360labs.com
TRUE,,UnitedStates,,,Noe Wagner,Noe.Wagner@a360labs.com,,,,212-222-3615,,Young Griffith,646-926-1009,UnitedStates,345-846-94733,Repo Agent,TRUE,62577876,TRUE,Noe.Wagner,New York,334 Random Steet,Executive,Noe.Wagner@a360labs.com
TRUE,,Hungary,,,Francis Maddox,Francis.Maddox@a360labs.com,,,,515-234-7517,,Young Griffith,646-926-1010,Hungary,345-846-94734,Repo Agent,TRUE,62577876,TRUE,Francis.Maddox,New York,335 Random Steet,Executive,Francis.Maddox@a360labs.com
TRUE,,Ireland,,,Stacy Mcgee,Stacy.Mcgee@a360labs.com,,,,212-222-3616,,Young Griffith,646-926-1011,Ireland,345-846-94735,Repo Agent,TRUE,62577876,TRUE,Stacy.Mcgee,New York,336 Random Steet,Executive,Stacy.Mcgee@a360labs.com
TRUE,,UnitedStates,,,Leanne Jimenez,Leanne.Jimenez@a360labs.com,,,,515-234-7518,,Young Griffith,646-926-1012,UnitedStates,345-846-94736,Repo Agent,TRUE,62577876,TRUE,Leanne.Jimenez,New York,337 Random Steet,Executive,Leanne.Jimenez@a360labs.com
TRUE,,India,,,Connie Baxter,Connie.Baxter@a360labs.com,,,,212-222-3617,,Young Griffith,646-926-1013,India,345-846-94737,Repo Agent,TRUE,62577876,TRUE,Connie.Baxter,New York,338 Random Steet,Executive,Connie.Baxter@a360labs.com
TRUE,,CzechRepublic,,,Brant Willis,Brant.Willis@a360labs.com,,,,515-234-7519,,Young Griffith,646-926-1014,CzechRepublic,345-846-94738,Repo Agent,TRUE,62577876,TRUE,Brant.Willis,New York,339 Random Steet,Executive,Brant.Willis@a360labs.com
TRUE,,Guam,,,Keisha Richardson,Keisha.Richardson@a360labs.com,,,,212-222-3618,,Young Griffith,646-926-1015,Guam,345-846-94739,Repo Agent,TRUE,62577876,TRUE,Keisha.Richardson,New York,340 Random Steet,Executive,Keisha.Richardson@a360labs.com
TRUE,,Singapore,,,Merlin Pineda,Merlin.Pineda@a360labs.com,,,,515-234-7520,,Bernadine Ortiz,646-926-1016,Singapore,345-846-94740,Repo Agent,TRUE,62577876,TRUE,Merlin.Pineda,New York,341 Random Steet,Executive,Merlin.Pineda@a360labs.com
TRUE,,UnitedKingdom,,,Marquita Sweeney,Marquita.Sweeney@a360labs.com,,,,212-222-3619,,Bernadine Ortiz,646-926-1017,UnitedKingdom,345-846-94741,Repo Agent,TRUE,62577876,TRUE,Marquita.Sweeney,New York,342 Random Steet,Executive,Marquita.Sweeney@a360labs.com
TRUE,,UnitedStates,,,Joan Bean,Joan.Bean@a360labs.com,,,,515-234-7521,,Bernadine Ortiz,646-926-1018,UnitedStates,345-846-94742,Repo Agent,TRUE,62577876,TRUE,Joan.Bean,New York,343 Random Steet,Executive,Joan.Bean@a360labs.com
TRUE,,Hungary,,,Francisco Lawrence,Francisco.Lawrence@a360labs.com,,,,212-222-3620,,Bernadine Ortiz,646-926-1019,Hungary,345-846-94743,Repo Agent,TRUE,62577876,TRUE,Francisco.Lawrence,New York,344 Random Steet,Executive,Francisco.Lawrence@a360labs.com
TRUE,,Ireland,,,Paul Terry,Paul.Terry@a360labs.com,,,,515-234-7522,,Bernadine Ortiz,646-926-1020,Ireland,345-846-94744,Repo Agent,TRUE,62577876,TRUE,Paul.Terry,New York,345 Random Steet,Executive,Paul.Terry@a360labs.com
TRUE,,UnitedStates,,,Pearlie Gates,Pearlie.Gates@a360labs.com,,,,212-222-3621,,Bernadine Ortiz,646-926-1021,UnitedStates,345-846-94745,Repo Agent,TRUE,62577876,TRUE,Pearlie.Gates,New York,346 Random Steet,Executive,Pearlie.Gates@a360labs.com
TRUE,,India,,,Felipe Gonzalez,Felipe.Gonzalez@a360labs.com,,,,515-234-7523,,Bernadine Ortiz,646-926-1022,India,345-846-94746,Repo Agent,TRUE,62577876,TRUE,Felipe.Gonzalez,New York,347 Random Steet,Executive,Felipe.Gonzalez@a360labs.com
TRUE,,CzechRepublic,,,Timmy Compton,Timmy.Compton@a360labs.com,,,,212-222-3622,,Bernadine Ortiz,646-926-1023,CzechRepublic,345-846-94747,Repo Agent,TRUE,62577876,TRUE,Timmy.Compton,New York,348 Random Steet,Executive,Timmy.Compton@a360labs.com
TRUE,,Guam,,,Earlene Blackburn,Earlene.Blackburn@a360labs.com,,,,515-234-7524,,Bernadine Ortiz,646-926-1024,Guam,345-846-94748,Repo Agent,TRUE,62577876,TRUE,Earlene.Blackburn,New York,349 Random Steet,Executive,Earlene.Blackburn@a360labs.com
TRUE,,Singapore,,,Donovan Chase,Donovan.Chase@a360labs.com,,,,212-222-3623,,Bernadine Ortiz,646-926-1025,Singapore,345-846-94749,Repo Agent,TRUE,62577876,TRUE,Donovan.Chase,New York,350 Random Steet,Executive,Donovan.Chase@a360labs.com
TRUE,,UnitedKingdom,,,Genevieve Rivers,Genevieve.Rivers@a360labs.com,,,,515-234-7525,,Bernadine Ortiz,646-926-1026,UnitedKingdom,345-846-94750,Repo Agent,TRUE,62577876,TRUE,Genevieve.Rivers,New York,351 Random Steet,Executive,Genevieve.Rivers@a360labs.com
TRUE,,UnitedStates,,,Dominique Ochoa,Dominique.Ochoa@a360labs.com,,,,212-222-3624,,Bernadine Ortiz,646-926-1027,UnitedStates,345-846-94751,Repo Agent,TRUE,62577876,TRUE,Dominique.Ochoa,New York,352 Random Steet,Executive,Dominique.Ochoa@a360labs.com
TRUE,,Hungary,,,Arlen Cole,Arlen.Cole@a360labs.com,,,,515-234-7526,,Bernadine Ortiz,646-926-1028,Hungary,345-846-94752,Repo Agent,TRUE,62577876,TRUE,Arlen.Cole,New York,353 Random Steet,Executive,Arlen.Cole@a360labs.com
TRUE,,Ireland,,,Hyman Torres,Hyman.Torres@a360labs.com,,,,212-222-3625,,Bernadine Ortiz,646-926-1029,Ireland,345-846-94753,Management,TRUE,62577876,TRUE,Hyman.Torres,New York,354 Random Steet,Executive,Hyman.Torres@a360labs.com
TRUE,,UnitedStates,,,Hipolito Savage,Hipolito.Savage@a360labs.com,,,,515-234-7527,,Bernadine Ortiz,646-926-1030,UnitedStates,345-846-94754,Management,TRUE,62577876,TRUE,Hipolito.Savage,New York,355 Random Steet,Executive,Hipolito.Savage@a360labs.com
TRUE,,India,,,Billie Raymond,Billie.Raymond@a360labs.com,,,,212-222-3626,,Bernadine Ortiz,646-926-1031,India,345-846-94755,Management,TRUE,62577876,TRUE,Billie.Raymond,New York,356 Random Steet,Executive,Billie.Raymond@a360labs.com
TRUE,,CzechRepublic,,,Theresa Murillo,Theresa.Murillo@a360labs.com,,,,515-234-7528,,Bernadine Ortiz,646-926-1032,CzechRepublic,345-846-94756,Management,TRUE,62577876,TRUE,Theresa.Murillo,New York,357 Random Steet,Executive,Theresa.Murillo@a360labs.com
TRUE,,Guam,,,Lauren Chandler,Lauren.Chandler@a360labs.com,,,,212-222-3627,,Bernadine Ortiz,646-926-1033,Guam,345-846-94757,Management,TRUE,62577876,TRUE,Lauren.Chandler,New York,358 Random Steet,Executive,Lauren.Chandler@a360labs.com
TRUE,,Singapore,,,Cliff Mcneil,Cliff.Mcneil@a360labs.com,,,,515-234-7529,,Bernadine Ortiz,646-926-1034,Singapore,345-846-94758,Management,TRUE,62577876,TRUE,Cliff.Mcneil,New York,359 Random Steet,Executive,Cliff.Mcneil@a360labs.com
TRUE,,UnitedKingdom,,,Albert Wilcox,Albert.Wilcox@a360labs.com,,,,212-222-3628,,Bernadine Ortiz,646-926-1035,UnitedKingdom,345-846-94759,Management,TRUE,62577876,TRUE,Albert.Wilcox,New York,360 Random Steet,Executive,Albert.Wilcox@a360labs.com
TRUE,,UnitedStates,,,Sherry Zavala,Sherry.Zavala@a360labs.com,,,,515-234-7530,,Bernadine Ortiz,646-926-1036,UnitedStates,345-846-94760,Management,TRUE,62577876,TRUE,Sherry.Zavala,New York,361 Random Steet,Executive,Sherry.Zavala@a360labs.com
TRUE,,Hungary,,,Krista Warner,Krista.Warner@a360labs.com,,,,212-222-3629,,Bernadine Ortiz,646-926-1037,Hungary,345-846-94761,Management,TRUE,62577876,TRUE,Krista.Warner,New York,362 Random Steet,Executive,Krista.Warner@a360labs.com
TRUE,,Ireland,,,Robyn Cortez,Robyn.Cortez@a360labs.com,,,,515-234-7531,,Bernadine Ortiz,646-926-1038,Ireland,345-846-94762,Management,TRUE,62577876,TRUE,Robyn.Cortez,New York,363 Random Steet,Executive,Robyn.Cortez@a360labs.com
TRUE,,UnitedStates,,,Roy Davies,Roy.Davies@a360labs.com,,,,212-222-3630,,Bernadine Ortiz,646-926-1039,UnitedStates,345-846-94763,Management,TRUE,62577876,TRUE,Roy.Davies,New York,364 Random Steet,Executive,Roy.Davies@a360labs.com
TRUE,,India,,,Taylor Carr,Taylor.Carr@a360labs.com,,,,515-234-7532,,Bernadine Ortiz,646-926-1040,India,345-846-94764,Management,TRUE,62577876,TRUE,Taylor.Carr,New York,365 Random Steet,Executive,Taylor.Carr@a360labs.com
TRUE,,CzechRepublic,,,Elmer Dean,Elmer.Dean@a360labs.com,,,,212-222-3631,,Bernadine Ortiz,646-926-1041,CzechRepublic,345-846-94765,Management,TRUE,62577876,TRUE,Elmer.Dean,New York,366 Random Steet,Executive,Elmer.Dean@a360labs.com
TRUE,,Guam,,,Olive Hunt,Olive.Hunt@a360labs.com,,,,515-234-7533,,Bernadine Ortiz,646-926-1042,Guam,345-846-94766,Management,TRUE,62577876,TRUE,Olive.Hunt,New York,367 Random Steet,Executive,Olive.Hunt@a360labs.com
TRUE,,Singapore,,,Clair Rojas,Clair.Rojas@a360labs.com,,,,212-222-3632,,Bernadine Ortiz,646-926-1043,Singapore,345-846-94767,Management,TRUE,62577876,TRUE,Clair.Rojas,New York,368 Random Steet,Executive,Clair.Rojas@a360labs.com
TRUE,,UnitedKingdom,,,Riley Bush,Riley.Bush@a360labs.com,,,,515-234-7534,,Bernadine Ortiz,646-926-1044,UnitedKingdom,345-846-94768,Management,TRUE,62577876,TRUE,Riley.Bush,New York,369 Random Steet,Executive,Riley.Bush@a360labs.com
TRUE,,UnitedStates,,,Lourdes Villa,Lourdes.Villa@a360labs.com,,,,212-222-3633,,Bernadine Ortiz,646-926-1045,UnitedStates,345-846-94769,Management,TRUE,62577876,TRUE,Lourdes.Villa,New York,370 Random Steet,Executive,Lourdes.Villa@a360labs.com
TRUE,,Hungary,,,Lester Mercer,Lester.Mercer@a360labs.com,,,,515-234-7535,,Bernadine Ortiz,646-926-1046,Hungary,345-846-94770,Management,TRUE,62577876,TRUE,Lester.Mercer,New York,371 Random Steet,Executive,Lester.Mercer@a360labs.com
TRUE,,Ireland,,,Son Dillon,Son.Dillon@a360labs.com,,,,212-222-3634,,Bernadine Ortiz,646-926-1047,Ireland,345-846-94771,Management,TRUE,62577876,TRUE,Son.Dillon,New York,372 Random Steet,Executive,Son.Dillon@a360labs.com
TRUE,,UnitedStates,,,Laurie Hull,Laurie.Hull@a360labs.com,,,,515-234-7536,,Bernadine Ortiz,646-926-1048,UnitedStates,345-846-94772,Management,TRUE,62577876,TRUE,Laurie.Hull,New York,373 Random Steet,Executive,Laurie.Hull@a360labs.com
TRUE,,India,,,Carmella Flynn,Carmella.Flynn@a360labs.com,,,,212-222-3635,,Bernadine Ortiz,646-926-1049,India,345-846-94773,Management,TRUE,62577876,TRUE,Carmella.Flynn,New York,374 Random Steet,Executive,Carmella.Flynn@a360labs.com
TRUE,,CzechRepublic,,,Guadalupe Le,Guadalupe.Le@a360labs.com,,,,515-234-7537,,Bernadine Ortiz,646-926-1050,CzechRepublic,345-846-94774,Management,TRUE,62577876,TRUE,Guadalupe.Le,New York,375 Random Steet,Executive,Guadalupe.Le@a360labs.com
TRUE,,Guam,,,Gladys Kerr,Gladys.Kerr@a360labs.com,,,,212-222-3636,,Bernadine Ortiz,646-926-1051,Guam,345-846-94775,Management,TRUE,62577876,TRUE,Gladys.Kerr,New York,376 Random Steet,Executive,Gladys.Kerr@a360labs.com
TRUE,,Singapore,,,Sid Bullock,Sid.Bullock@a360labs.com,,,,515-234-7538,,Bernadine Ortiz,646-926-1052,Singapore,345-846-94776,Management,TRUE,62577876,TRUE,Sid.Bullock,New York,377 Random Steet,Executive,Sid.Bullock@a360labs.com
TRUE,,UnitedKingdom,,,Roseann Santana,Roseann.Santana@a360labs.com,,,,212-222-3637,,Bernadine Ortiz,646-926-1053,UnitedKingdom,345-846-94777,Management,TRUE,62577876,TRUE,Roseann.Santana,New York,378 Random Steet,Executive,Roseann.Santana@a360labs.com
TRUE,,UnitedStates,,,Francis Morse,Francis.Morse@a360labs.com,,,,515-234-7539,,Bernadine Ortiz,646-926-1054,UnitedStates,345-846-94778,Management,TRUE,62577876,TRUE,Francis.Morse,New York,379 Random Steet,Executive,Francis.Morse@a360labs.com
TRUE,,Hungary,,,Hope Barry,Hope.Barry@a360labs.com,,,,212-222-3638,,Bernadine Ortiz,646-926-1055,Hungary,345-846-94779,Management,TRUE,62577876,TRUE,Hope.Barry,New York,380 Random Steet,Executive,Hope.Barry@a360labs.com
