Enron,firstName,lastName,user_name,email,UsageLocation
allen,Hollis,Gates,Hollis.Gates,Hollis.Gates@a360labs.com,UnitedKingdom
arnold,Shana,Clark,Shana.Clark,Shana.Clark@a360labs.com,UnitedStates
arora,Weston,Avery,Weston.Avery,Weston.Avery@a360labs.com,Hungary
badeer,Eunice,Harrison,Eunice.Harrison,Eunice.Harrison@a360labs.com,Ireland
bailey,Brigitte,Hatfield,Brigitte.Hatfield,Brigitte.Hatfield@a360labs.com,UnitedStates
bass,Robert,Nichols,Robert.Nichols,Robert.Nichols@a360labs.com,India
baughman,Travis,Chapman,Travis.Chapman,Travis.Chapman@a360labs.com,CzechRepublic
beck,Randell,Hunt,Randell.Hunt,Randell.Hunt@a360labs.com,Guam
benson,Neville,Klein,Neville.Klein,Neville.Klein@a360labs.com,Singapore
blair,Nannie,Pineda,Nannie.Pineda,Nannie.Pineda@a360labs.com,UnitedKingdom
brawner,Erik,Vance,Erik.Vance,Erik.Vance@a360labs.com,UnitedStates
buy,Addie,Zamora,Addie.Zamora,Addie.Zamora@a360labs.com,Hungary
campbell,Claudette,Walker,Claudette.Walker,Claudette.Walker@a360labs.com,Ireland
carson,Salvador,Gardner,Salvador.Gardner,Salvador.Gardner@a360labs.com,UnitedStates
cash,Carol,Franklin,Carol.Franklin,Carol.Franklin@a360labs.com,India
causholli,Elma,Olsen,Elma.Olsen,Elma.Olsen@a360labs.com,CzechRepublic
corman,Keenan,Riley,Keenan.Riley,Keenan.Riley@a360labs.com,Guam
crandall,Devin,Underwood,Devin.Underwood,Devin.Underwood@a360labs.com,Singapore
cuilla,Maximo,Hendrix,Maximo.Hendrix,Maximo.Hendrix@a360labs.com,UnitedKingdom
dasovich,Ali,Valenzuela,Ali.Valenzuela,Ali.Valenzuela@a360labs.com,UnitedStates
davis,Rodney,Lang,Rodney.Lang,Rodney.Lang@a360labs.com,Hungary
dean,Katie,Sullivan,Katie.Sullivan,Katie.Sullivan@a360labs.com,Ireland
dean,Sid,Mccoy,Sid.Mccoy,Sid.Mccoy@a360labs.com,UnitedStates
delainey,Santiago,Armstrong,Santiago.Armstrong,Santiago.Armstrong@a360labs.com,India
derrick,Roderick,Morton,Roderick.Morton,Roderick.Morton@a360labs.com,CzechRepublic
dickson,Gregg,Grant,Gregg.Grant,Gregg.Grant@a360labs.com,Guam
donoho,Kim,Ayala,Kim.Ayala,Kim.Ayala@a360labs.com,Singapore
donohoe,Graham,Noble,Graham.Noble,Graham.Noble@a360labs.com,UnitedKingdom
dorland,Verna,Moses,Verna.Moses,Verna.Moses@a360labs.com,UnitedStates
ermis,Nancy,Tyler,Nancy.Tyler,Nancy.Tyler@a360labs.com,Hungary
farmer,Dirk,Norris,Dirk.Norris,Dirk.Norris@a360labs.com,Ireland
fischer,Gilberto,Keller,Gilberto.Keller,Gilberto.Keller@a360labs.com,UnitedStates
fischer,Ingrid,Bridges,Ingrid.Bridges,Ingrid.Bridges@a360labs.com,India
forney,Garry,Santana,Garry.Santana,Garry.Santana@a360labs.com,CzechRepublic
fossum,Jewel,Donaldson,Jewel.Donaldson,Jewel.Donaldson@a360labs.com,Guam
gang,Lazaro,Brandt,Lazaro.Brandt,Lazaro.Brandt@a360labs.com,Singapore
gay,Esperanza,Dodson,Esperanza.Dodson,Esperanza.Dodson@a360labs.com,UnitedKingdom
geaccone,Lou,Haynes,Lou.Haynes,Lou.Haynes@a360labs.com,UnitedStates
germany,Guadalupe,Atkinson,Guadalupe.Atkinson,Guadalupe.Atkinson@a360labs.com,Hungary
gilbertsmith,Young,Griffith,Young.Griffith,Young.Griffith@a360labs.com,Ireland
giron,Grady,Fuller,Grady.Fuller,Grady.Fuller@a360labs.com,UnitedStates
griffith,Rene,Hahn,Rene.Hahn,Rene.Hahn@a360labs.com,India
grigsby,Fermin,Holder,Fermin.Holder,Fermin.Holder@a360labs.com,CzechRepublic
guzman,Elizabeth,Huff,Elizabeth.Huff,Elizabeth.Huff@a360labs.com,Guam
haedicke,Floyd,Mccullough,Floyd.Mccullough,Floyd.Mccullough@a360labs.com,Singapore
hain,Willian,English,Willian.English,Willian.English@a360labs.com,UnitedKingdom
harris,Reed,Skinner,Reed.Skinner,Reed.Skinner@a360labs.com,UnitedStates
hayslett,Cindy,Johnston,Cindy.Johnston,Cindy.Johnston@a360labs.com,Hungary
heard,Pierre,Rocha,Pierre.Rocha,Pierre.Rocha@a360labs.com,Ireland
hendrickson,Estelle,George,Estelle.George,Estelle.George@a360labs.com,UnitedStates
hernandez,Celeste,Mendez,Celeste.Mendez,Celeste.Mendez@a360labs.com,India
hodge,Benito,Rhodes,Benito.Rhodes,Benito.Rhodes@a360labs.com,CzechRepublic
hodge,Curt,Lang,Curt.Lang,Curt.Lang@a360labs.com,Guam
holst,Royal,Robertson,Royal.Robertson,Royal.Robertson@a360labs.com,Singapore
horton,Ashley,English,Ashley.English,Ashley.English@a360labs.com,UnitedKingdom
hyatt,Rigoberto,Mccormick,Rigoberto.Mccormick,Rigoberto.Mccormick@a360labs.com,UnitedStates
hyvl,Krystal,Summers,Krystal.Summers,Krystal.Summers@a360labs.com,Hungary
jones,Melba,Gilmore,Melba.Gilmore,Melba.Gilmore@a360labs.com,Ireland
kaminski,Susanne,Vazquez,Susanne.Vazquez,Susanne.Vazquez@a360labs.com,UnitedStates
kean,Mathew,Mathews,Mathew.Mathews,Mathew.Mathews@a360labs.com,India
keavey,Catalina,Arroyo,Catalina.Arroyo,Catalina.Arroyo@a360labs.com,CzechRepublic
keiser,Irvin,Hernandez,Irvin.Hernandez,Irvin.Hernandez@a360labs.com,Guam
king,Arlie,Pennington,Arlie.Pennington,Arlie.Pennington@a360labs.com,Singapore
kitchen,Dana,Hubbard,Dana.Hubbard,Dana.Hubbard@a360labs.com,UnitedKingdom
kuykendall,Gino,Giles,Gino.Giles,Gino.Giles@a360labs.com,UnitedStates
lavorato,Bianca,Munoz,Bianca.Munoz,Bianca.Munoz@a360labs.com,Hungary
lay,Katie,Berger,Katie.Berger,Katie.Berger@a360labs.com,Ireland
lenhart,Prince,Bridges,Prince.Bridges,Prince.Bridges@a360labs.com,UnitedStates
lewis,Earle,Rosales,Earle.Rosales,Earle.Rosales@a360labs.com,India
linder,Danilo,Peters,Danilo.Peters,Danilo.Peters@a360labs.com,CzechRepublic
lokay,Karla,Ferrell,Karla.Ferrell,Karla.Ferrell@a360labs.com,Guam
lokey,Gladys,Aguirre,Gladys.Aguirre,Gladys.Aguirre@a360labs.com,Singapore
love,Lidia,Dillon,Lidia.Dillon,Lidia.Dillon@a360labs.com,UnitedKingdom
lucci,Leann,Hill,Leann.Hill,Leann.Hill@a360labs.com,UnitedStates
maggi,Roslyn,Watson,Roslyn.Watson,Roslyn.Watson@a360labs.com,Hungary
mann,Keven,Morris,Keven.Morris,Keven.Morris@a360labs.com,Ireland
martin,Arnoldo,Logan,Arnoldo.Logan,Arnoldo.Logan@a360labs.com,UnitedStates
may,Russell,Robles,Russell.Robles,Russell.Robles@a360labs.com,India
mccarty,Kurt,Serrano,Kurt.Serrano,Kurt.Serrano@a360labs.com,CzechRepublic
mcconnell,Kieth,Dudley,Kieth.Dudley,Kieth.Dudley@a360labs.com,Guam
mckay,Erma,Roberts,Erma.Roberts,Erma.Roberts@a360labs.com,Singapore
mckay,Will,Combs,Will.Combs,Will.Combs@a360labs.com,UnitedKingdom
mclaughlin,Weldon,Mata,Weldon.Mata,Weldon.Mata@a360labs.com,UnitedStates
merris,Rosanna,Kelly,Rosanna.Kelly,Rosanna.Kelly@a360labs.com,Hungary
meyers,Mitchel,Rocha,Mitchel.Rocha,Mitchel.Rocha@a360labs.com,Ireland
mims,Lourdes,Dougherty,Lourdes.Dougherty,Lourdes.Dougherty@a360labs.com,UnitedStates
motley,Mallory,Madden,Mallory.Madden,Mallory.Madden@a360labs.com,India
neal,Columbus,Osborne,Columbus.Osborne,Columbus.Osborne@a360labs.com,CzechRepublic
nemec,Antonia,Campos,Antonia.Campos,Antonia.Campos@a360labs.com,Guam
panus,Hector,Acosta,Hector.Acosta,Hector.Acosta@a360labs.com,Singapore
parks,Bernadine,Ortiz,Bernadine.Ortiz,Bernadine.Ortiz@a360labs.com,UnitedKingdom
pereira,Sabrina,Ortega,Sabrina.Ortega,Sabrina.Ortega@a360labs.com,UnitedStates
perlingiere,Neville,Rowland,Neville.Rowland,Neville.Rowland@a360labs.com,Hungary
pimenov,Richie,Case,Richie.Case,Richie.Case@a360labs.com,Ireland
platter,Rodney,Atkins,Rodney.Atkins,Rodney.Atkins@a360labs.com,UnitedStates
presto,Cory,Garrett,Cory.Garrett,Cory.Garrett@a360labs.com,India
quenet,Wm,Park,Wm.Park,Wm.Park@a360labs.com,CzechRepublic
quigley,Dorthy,Drake,Dorthy.Drake,Dorthy.Drake@a360labs.com,Guam
rapp,Lynda,Zimmerman,Lynda.Zimmerman,Lynda.Zimmerman@a360labs.com,Singapore
reitmeyer,Ashlee,Frey,Ashlee.Frey,Ashlee.Frey@a360labs.com,UnitedKingdom
richey,Noe,Wagner,Noe.Wagner,Noe.Wagner@a360labs.com,UnitedStates
ring,Francis,Maddox,Francis.Maddox,Francis.Maddox@a360labs.com,Hungary
ring,Stacy,Mcgee,Stacy.Mcgee,Stacy.Mcgee@a360labs.com,Ireland
rodrigue,Leanne,Jimenez,Leanne.Jimenez,Leanne.Jimenez@a360labs.com,UnitedStates
rogers,Connie,Baxter,Connie.Baxter,Connie.Baxter@a360labs.com,India
ruscitti,Brant,Willis,Brant.Willis,Brant.Willis@a360labs.com,CzechRepublic
sager,Keisha,Richardson,Keisha.Richardson,Keisha.Richardson@a360labs.com,Guam
saibi,Merlin,Pineda,Merlin.Pineda,Merlin.Pineda@a360labs.com,Singapore
salisbury,Marquita,Sweeney,Marquita.Sweeney,Marquita.Sweeney@a360labs.com,UnitedKingdom
sanchez,Joan,Bean,Joan.Bean,Joan.Bean@a360labs.com,UnitedStates
sanders,Francisco,Lawrence,Francisco.Lawrence,Francisco.Lawrence@a360labs.com,Hungary
scholtes,Paul,Terry,Paul.Terry,Paul.Terry@a360labs.com,Ireland
schoolcraft,Pearlie,Gates,Pearlie.Gates,Pearlie.Gates@a360labs.com,UnitedStates
schwieger,Felipe,Gonzalez,Felipe.Gonzalez,Felipe.Gonzalez@a360labs.com,India
scott,Timmy,Compton,Timmy.Compton,Timmy.Compton@a360labs.com,CzechRepublic
semperger,Earlene,Blackburn,Earlene.Blackburn,Earlene.Blackburn@a360labs.com,Guam
shackleton,Donovan,Chase,Donovan.Chase,Donovan.Chase@a360labs.com,Singapore
shankman,Genevieve,Rivers,Genevieve.Rivers,Genevieve.Rivers@a360labs.com,UnitedKingdom
shapiro,Dominique,Ochoa,Dominique.Ochoa,Dominique.Ochoa@a360labs.com,UnitedStates
shively,Arlen,Cole,Arlen.Cole,Arlen.Cole@a360labs.com,Hungary
skilling,Hyman,Torres,Hyman.Torres,Hyman.Torres@a360labs.com,Ireland
slinger,Hipolito,Savage,Hipolito.Savage,Hipolito.Savage@a360labs.com,UnitedStates
smith,Billie,Raymond,Billie.Raymond,Billie.Raymond@a360labs.com,India
solberg,Theresa,Murillo,Theresa.Murillo,Theresa.Murillo@a360labs.com,CzechRepublic
south,Lauren,Chandler,Lauren.Chandler,Lauren.Chandler@a360labs.com,Guam
staab,Cliff,Mcneil,Cliff.Mcneil,Cliff.Mcneil@a360labs.com,Singapore
stclair,Albert,Wilcox,Albert.Wilcox,Albert.Wilcox@a360labs.com,UnitedKingdom
steffes,Sherry,Zavala,Sherry.Zavala,Sherry.Zavala@a360labs.com,UnitedStates
stepenovitch,Krista,Warner,Krista.Warner,Krista.Warner@a360labs.com,Hungary
stokley,Robyn,Cortez,Robyn.Cortez,Robyn.Cortez@a360labs.com,Ireland
storey,Roy,Davies,Roy.Davies,Roy.Davies@a360labs.com,UnitedStates
sturm,Taylor,Carr,Taylor.Carr,Taylor.Carr@a360labs.com,India
swerzbin,Elmer,Dean,Elmer.Dean,Elmer.Dean@a360labs.com,CzechRepublic
taylor,Olive,Hunt,Olive.Hunt,Olive.Hunt@a360labs.com,Guam
tholt,Clair,Rojas,Clair.Rojas,Clair.Rojas@a360labs.com,Singapore
thomas,Riley,Bush,Riley.Bush,Riley.Bush@a360labs.com,UnitedKingdom
townsend,Lourdes,Villa,Lourdes.Villa,Lourdes.Villa@a360labs.com,UnitedStates
tycholiz,Lester,Mercer,Lester.Mercer,Lester.Mercer@a360labs.com,Hungary
ward,Son,Dillon,Son.Dillon,Son.Dillon@a360labs.com,Ireland
watson,Laurie,Hull,Laurie.Hull,Laurie.Hull@a360labs.com,UnitedStates
weldon,Carmella,Flynn,Carmella.Flynn,Carmella.Flynn@a360labs.com,India
white,Guadalupe,Le,Guadalupe.Le,Guadalupe.Le@a360labs.com,CzechRepublic
whitt,Gladys,Kerr,Gladys.Kerr,Gladys.Kerr@a360labs.com,Guam
williams,Sid,Bullock,Sid.Bullock,Sid.Bullock@a360labs.com,Singapore
wolfe,Roseann,Santana,Roseann.Santana,Roseann.Santana@a360labs.com,UnitedKingdom
ybarbo,Francis,Morse,Francis.Morse,Francis.Morse@a360labs.com,UnitedStates
zufferli,Hope,Barry,Hope.Barry,Hope.Barry@a360labs.com,Hungary